year;areakm;municipality;geocode_ibge;state
2000;694,530063605757;Barão de Melgaço;5101605;Mato Grosso
2001;19,643558016200625;Barão de Melgaço;5101605;Mato Grosso
2002;19,643558016200625;Barão de Melgaço;5101605;Mato Grosso
2003;19,643558016200625;Barão de Melgaço;5101605;Mato Grosso
2004;19,643558016200625;Barão de Melgaço;5101605;Mato Grosso
2005;29,975933755643023;Barão de Melgaço;5101605;Mato Grosso
2006;29,975933755643023;Barão de Melgaço;5101605;Mato Grosso
2007;24,60332047879743;Barão de Melgaço;5101605;Mato Grosso
2008;24,60332047879743;Barão de Melgaço;5101605;Mato Grosso
2009;34,19070187607517;Barão de Melgaço;5101605;Mato Grosso
2010;34,19070187607517;Barão de Melgaço;5101605;Mato Grosso
2011;15,067375936405524;Barão de Melgaço;5101605;Mato Grosso
2012;9,175833983597961;Barão de Melgaço;5101605;Mato Grosso
2013;9,175833983597961;Barão de Melgaço;5101605;Mato Grosso
2014;18,819760758357702;Barão de Melgaço;5101605;Mato Grosso
2015;34,77630204919233;Barão de Melgaço;5101605;Mato Grosso
2016;34,77630204919233;Barão de Melgaço;5101605;Mato Grosso
2017;80,35344636095826;Barão de Melgaço;5101605;Mato Grosso
2018;42,18776267731317;Barão de Melgaço;5101605;Mato Grosso
2019;30,393838508497417;Barão de Melgaço;5101605;Mato Grosso
2020;21,05979088275906;Barão de Melgaço;5101605;Mato Grosso
2021;6,982788646397323;Barão de Melgaço;5101605;Mato Grosso
2022;94,3405778290037;Barão de Melgaço;5101605;Mato Grosso
2023;35,00211392389368;Barão de Melgaço;5101605;Mato Grosso
2000;25,052503399844706;Curvelândia;5103437;Mato Grosso
2001;0,13142931164843105;Curvelândia;5103437;Mato Grosso
2002;0,13142931164843105;Curvelândia;5103437;Mato Grosso
2003;0,13142931164843105;Curvelândia;5103437;Mato Grosso
2004;0,13142931164843105;Curvelândia;5103437;Mato Grosso
2005;0,030583189344266133;Curvelândia;5103437;Mato Grosso
2006;0,030583189344266133;Curvelândia;5103437;Mato Grosso
2007;0,02141361416284767;Curvelândia;5103437;Mato Grosso
2008;0,02141361416284767;Curvelândia;5103437;Mato Grosso
2009;0,027283954002634624;Curvelândia;5103437;Mato Grosso
2010;0,027283954002634624;Curvelândia;5103437;Mato Grosso
2011;0;Curvelândia;5103437;Mato Grosso
2012;0;Curvelândia;5103437;Mato Grosso
2013;0;Curvelândia;5103437;Mato Grosso
2014;0;Curvelândia;5103437;Mato Grosso
2015;0;Curvelândia;5103437;Mato Grosso
2016;0;Curvelândia;5103437;Mato Grosso
2017;0;Curvelândia;5103437;Mato Grosso
2018;0,02988964027171605;Curvelândia;5103437;Mato Grosso
2019;0;Curvelândia;5103437;Mato Grosso
2020;0;Curvelândia;5103437;Mato Grosso
2021;0;Curvelândia;5103437;Mato Grosso
2022;0;Curvelândia;5103437;Mato Grosso
2023;0;Curvelândia;5103437;Mato Grosso
2000;2326,5662255727675;Cáceres;5102504;Mato Grosso
2001;135,67494764029792;Cáceres;5102504;Mato Grosso
2002;135,67494764029792;Cáceres;5102504;Mato Grosso
2003;135,67494764029792;Cáceres;5102504;Mato Grosso
2004;135,67494764029792;Cáceres;5102504;Mato Grosso
2005;67,68950577933485;Cáceres;5102504;Mato Grosso
2006;67,68950577933485;Cáceres;5102504;Mato Grosso
2007;43,50501292517536;Cáceres;5102504;Mato Grosso
2008;43,50501292517536;Cáceres;5102504;Mato Grosso
2009;32,97150370815595;Cáceres;5102504;Mato Grosso
2010;32,97150370815595;Cáceres;5102504;Mato Grosso
2011;45,58789656562925;Cáceres;5102504;Mato Grosso
2012;29,743466318765584;Cáceres;5102504;Mato Grosso
2013;29,743466318765584;Cáceres;5102504;Mato Grosso
2014;31,91832097126479;Cáceres;5102504;Mato Grosso
2015;40,5298172049809;Cáceres;5102504;Mato Grosso
2016;40,5298172049809;Cáceres;5102504;Mato Grosso
2017;32,85427609644233;Cáceres;5102504;Mato Grosso
2018;49,39652456957026;Cáceres;5102504;Mato Grosso
2019;20,52761550504704;Cáceres;5102504;Mato Grosso
2020;25,044768375562484;Cáceres;5102504;Mato Grosso
2021;27,112770374478877;Cáceres;5102504;Mato Grosso
2022;19,50117222898582;Cáceres;5102504;Mato Grosso
2023;23,67213293767474;Cáceres;5102504;Mato Grosso
2000;2,4966893617099104;Glória D'Oeste;5103957;Mato Grosso
2001;0;Glória D'Oeste;5103957;Mato Grosso
2002;0;Glória D'Oeste;5103957;Mato Grosso
2003;0;Glória D'Oeste;5103957;Mato Grosso
2004;0;Glória D'Oeste;5103957;Mato Grosso
2005;0;Glória D'Oeste;5103957;Mato Grosso
2006;0;Glória D'Oeste;5103957;Mato Grosso
2007;0,06995775908987056;Glória D'Oeste;5103957;Mato Grosso
2008;0,06995775908987056;Glória D'Oeste;5103957;Mato Grosso
2009;0;Glória D'Oeste;5103957;Mato Grosso
2010;0;Glória D'Oeste;5103957;Mato Grosso
2011;0;Glória D'Oeste;5103957;Mato Grosso
2012;0;Glória D'Oeste;5103957;Mato Grosso
2013;0;Glória D'Oeste;5103957;Mato Grosso
2014;0;Glória D'Oeste;5103957;Mato Grosso
2015;0;Glória D'Oeste;5103957;Mato Grosso
2016;0;Glória D'Oeste;5103957;Mato Grosso
2017;0;Glória D'Oeste;5103957;Mato Grosso
2018;0;Glória D'Oeste;5103957;Mato Grosso
2019;0;Glória D'Oeste;5103957;Mato Grosso
2020;0,03443120673240527;Glória D'Oeste;5103957;Mato Grosso
2021;0;Glória D'Oeste;5103957;Mato Grosso
2022;0;Glória D'Oeste;5103957;Mato Grosso
2023;0;Glória D'Oeste;5103957;Mato Grosso
2000;138,70596255947262;Itiquira;5104609;Mato Grosso
2001;17,038810492901856;Itiquira;5104609;Mato Grosso
2002;17,038810492901856;Itiquira;5104609;Mato Grosso
2003;17,038810492901856;Itiquira;5104609;Mato Grosso
2004;17,038810492901856;Itiquira;5104609;Mato Grosso
2005;4,422375413593109;Itiquira;5104609;Mato Grosso
2006;4,422375413593109;Itiquira;5104609;Mato Grosso
2007;1,2862149908377074;Itiquira;5104609;Mato Grosso
2008;1,2862149908377074;Itiquira;5104609;Mato Grosso
2009;5,034988773522068;Itiquira;5104609;Mato Grosso
2010;5,034988773522068;Itiquira;5104609;Mato Grosso
2011;4,213600088958704;Itiquira;5104609;Mato Grosso
2012;15,045837396019884;Itiquira;5104609;Mato Grosso
2013;15,045837396019884;Itiquira;5104609;Mato Grosso
2014;6,974640591320374;Itiquira;5104609;Mato Grosso
2015;17,521902182950456;Itiquira;5104609;Mato Grosso
2016;17,521902182950456;Itiquira;5104609;Mato Grosso
2017;27,47945500730715;Itiquira;5104609;Mato Grosso
2018;13,694483312538722;Itiquira;5104609;Mato Grosso
2019;8,569065375432691;Itiquira;5104609;Mato Grosso
2020;3,0243393702836725;Itiquira;5104609;Mato Grosso
2021;3,1195637014676985;Itiquira;5104609;Mato Grosso
2022;0,32988644197133776;Itiquira;5104609;Mato Grosso
2023;28,375957877034544;Itiquira;5104609;Mato Grosso
2000;1,1580688951777727;Juscimeira;5105200;Mato Grosso
2001;0;Juscimeira;5105200;Mato Grosso
2002;0;Juscimeira;5105200;Mato Grosso
2003;0;Juscimeira;5105200;Mato Grosso
2004;0;Juscimeira;5105200;Mato Grosso
2005;0;Juscimeira;5105200;Mato Grosso
2006;0;Juscimeira;5105200;Mato Grosso
2007;0;Juscimeira;5105200;Mato Grosso
2008;0;Juscimeira;5105200;Mato Grosso
2009;0;Juscimeira;5105200;Mato Grosso
2010;0;Juscimeira;5105200;Mato Grosso
2011;0;Juscimeira;5105200;Mato Grosso
2012;0;Juscimeira;5105200;Mato Grosso
2013;0;Juscimeira;5105200;Mato Grosso
2014;0;Juscimeira;5105200;Mato Grosso
2015;0;Juscimeira;5105200;Mato Grosso
2016;0;Juscimeira;5105200;Mato Grosso
2017;0;Juscimeira;5105200;Mato Grosso
2018;0;Juscimeira;5105200;Mato Grosso
2019;0;Juscimeira;5105200;Mato Grosso
2020;0;Juscimeira;5105200;Mato Grosso
2021;0;Juscimeira;5105200;Mato Grosso
2022;0;Juscimeira;5105200;Mato Grosso
2023;0;Juscimeira;5105200;Mato Grosso
2000;5,979199822869634;Lambari D'Oeste;5105234;Mato Grosso
2001;0,13808999108007639;Lambari D'Oeste;5105234;Mato Grosso
2002;0,13808999108007639;Lambari D'Oeste;5105234;Mato Grosso
2003;0,13808999108007639;Lambari D'Oeste;5105234;Mato Grosso
2004;0,13808999108007639;Lambari D'Oeste;5105234;Mato Grosso
2005;0;Lambari D'Oeste;5105234;Mato Grosso
2006;0;Lambari D'Oeste;5105234;Mato Grosso
2007;0,3379230361975706;Lambari D'Oeste;5105234;Mato Grosso
2008;0,3379230361975706;Lambari D'Oeste;5105234;Mato Grosso
2009;0,020796328841617615;Lambari D'Oeste;5105234;Mato Grosso
2010;0,020796328841617615;Lambari D'Oeste;5105234;Mato Grosso
2011;0;Lambari D'Oeste;5105234;Mato Grosso
2012;0;Lambari D'Oeste;5105234;Mato Grosso
2013;0;Lambari D'Oeste;5105234;Mato Grosso
2014;0;Lambari D'Oeste;5105234;Mato Grosso
2015;0;Lambari D'Oeste;5105234;Mato Grosso
2016;0;Lambari D'Oeste;5105234;Mato Grosso
2017;0;Lambari D'Oeste;5105234;Mato Grosso
2018;0;Lambari D'Oeste;5105234;Mato Grosso
2019;0;Lambari D'Oeste;5105234;Mato Grosso
2020;0;Lambari D'Oeste;5105234;Mato Grosso
2021;0;Lambari D'Oeste;5105234;Mato Grosso
2022;0;Lambari D'Oeste;5105234;Mato Grosso
2023;0;Lambari D'Oeste;5105234;Mato Grosso
2000;31,625754482952395;Mirassol d'Oeste;5105622;Mato Grosso
2001;0;Mirassol d'Oeste;5105622;Mato Grosso
2002;0;Mirassol d'Oeste;5105622;Mato Grosso
2003;0;Mirassol d'Oeste;5105622;Mato Grosso
2004;0;Mirassol d'Oeste;5105622;Mato Grosso
2005;0;Mirassol d'Oeste;5105622;Mato Grosso
2006;0;Mirassol d'Oeste;5105622;Mato Grosso
2007;0,047782561932639536;Mirassol d'Oeste;5105622;Mato Grosso
2008;0,047782561932639536;Mirassol d'Oeste;5105622;Mato Grosso
2009;0;Mirassol d'Oeste;5105622;Mato Grosso
2010;0;Mirassol d'Oeste;5105622;Mato Grosso
2011;0;Mirassol d'Oeste;5105622;Mato Grosso
2012;0;Mirassol d'Oeste;5105622;Mato Grosso
2013;0;Mirassol d'Oeste;5105622;Mato Grosso
2014;0;Mirassol d'Oeste;5105622;Mato Grosso
2015;0;Mirassol d'Oeste;5105622;Mato Grosso
2016;0;Mirassol d'Oeste;5105622;Mato Grosso
2017;0;Mirassol d'Oeste;5105622;Mato Grosso
2018;0;Mirassol d'Oeste;5105622;Mato Grosso
2019;0;Mirassol d'Oeste;5105622;Mato Grosso
2020;0;Mirassol d'Oeste;5105622;Mato Grosso
2021;0;Mirassol d'Oeste;5105622;Mato Grosso
2022;0;Mirassol d'Oeste;5105622;Mato Grosso
2023;0,015152474274647667;Mirassol d'Oeste;5105622;Mato Grosso
2000;139,94901778344774;Nossa Senhora do Livramento;5106109;Mato Grosso
2001;3,4393145844023527;Nossa Senhora do Livramento;5106109;Mato Grosso
2002;3,4393145844023527;Nossa Senhora do Livramento;5106109;Mato Grosso
2003;3,4393145844023527;Nossa Senhora do Livramento;5106109;Mato Grosso
2004;3,4393145844023527;Nossa Senhora do Livramento;5106109;Mato Grosso
2005;12,30009554687932;Nossa Senhora do Livramento;5106109;Mato Grosso
2006;12,30009554687932;Nossa Senhora do Livramento;5106109;Mato Grosso
2007;14,117490789822485;Nossa Senhora do Livramento;5106109;Mato Grosso
2008;14,117490789822485;Nossa Senhora do Livramento;5106109;Mato Grosso
2009;5,775632068329879;Nossa Senhora do Livramento;5106109;Mato Grosso
2010;5,775632068329879;Nossa Senhora do Livramento;5106109;Mato Grosso
2011;6,0582803707564805;Nossa Senhora do Livramento;5106109;Mato Grosso
2012;4,333389392454455;Nossa Senhora do Livramento;5106109;Mato Grosso
2013;4,333389392454455;Nossa Senhora do Livramento;5106109;Mato Grosso
2014;11,012372823754184;Nossa Senhora do Livramento;5106109;Mato Grosso
2015;14,00448693758018;Nossa Senhora do Livramento;5106109;Mato Grosso
2016;14,00448693758018;Nossa Senhora do Livramento;5106109;Mato Grosso
2017;28,81721323772294;Nossa Senhora do Livramento;5106109;Mato Grosso
2018;13,612485536922453;Nossa Senhora do Livramento;5106109;Mato Grosso
2019;4,938494599145818;Nossa Senhora do Livramento;5106109;Mato Grosso
2020;7,43786825096862;Nossa Senhora do Livramento;5106109;Mato Grosso
2021;6,125027875920554;Nossa Senhora do Livramento;5106109;Mato Grosso
2022;2,745779094315589;Nossa Senhora do Livramento;5106109;Mato Grosso
2023;0,8672904891912939;Nossa Senhora do Livramento;5106109;Mato Grosso
2000;580,9521726460464;Poconé;5106505;Mato Grosso
2001;44,79426573545852;Poconé;5106505;Mato Grosso
2002;44,79426573545852;Poconé;5106505;Mato Grosso
2003;44,79426573545852;Poconé;5106505;Mato Grosso
2004;44,79426573545852;Poconé;5106505;Mato Grosso
2005;40,92680929516335;Poconé;5106505;Mato Grosso
2006;40,92680929516335;Poconé;5106505;Mato Grosso
2007;27,13136845639885;Poconé;5106505;Mato Grosso
2008;27,13136845639885;Poconé;5106505;Mato Grosso
2009;21,277981743044236;Poconé;5106505;Mato Grosso
2010;21,277981743044236;Poconé;5106505;Mato Grosso
2011;24,49328754253902;Poconé;5106505;Mato Grosso
2012;25,418363501275703;Poconé;5106505;Mato Grosso
2013;25,418363501275703;Poconé;5106505;Mato Grosso
2014;25,301732683135796;Poconé;5106505;Mato Grosso
2015;40,29606477140434;Poconé;5106505;Mato Grosso
2016;40,29606477140434;Poconé;5106505;Mato Grosso
2017;18,243559193376402;Poconé;5106505;Mato Grosso
2018;35,88839448162193;Poconé;5106505;Mato Grosso
2019;21,896027606338308;Poconé;5106505;Mato Grosso
2020;30,78366926437487;Poconé;5106505;Mato Grosso
2021;20,040070966625144;Poconé;5106505;Mato Grosso
2022;18,29432068675213;Poconé;5106505;Mato Grosso
2023;18,84929638529452;Poconé;5106505;Mato Grosso
2000;379,89710907020424;Porto Esperidião;5106828;Mato Grosso
2001;17,329091825075928;Porto Esperidião;5106828;Mato Grosso
2002;17,329091825075928;Porto Esperidião;5106828;Mato Grosso
2003;17,329091825075928;Porto Esperidião;5106828;Mato Grosso
2004;17,329091825075928;Porto Esperidião;5106828;Mato Grosso
2005;8,018043370974288;Porto Esperidião;5106828;Mato Grosso
2006;8,018043370974288;Porto Esperidião;5106828;Mato Grosso
2007;4,4004504723391005;Porto Esperidião;5106828;Mato Grosso
2008;4,4004504723391005;Porto Esperidião;5106828;Mato Grosso
2009;12,789354046940831;Porto Esperidião;5106828;Mato Grosso
2010;12,789354046940831;Porto Esperidião;5106828;Mato Grosso
2011;13,042105621157818;Porto Esperidião;5106828;Mato Grosso
2012;7,574441973567476;Porto Esperidião;5106828;Mato Grosso
2013;7,574441973567476;Porto Esperidião;5106828;Mato Grosso
2014;1,23657614121799;Porto Esperidião;5106828;Mato Grosso
2015;7,218739818223974;Porto Esperidião;5106828;Mato Grosso
2016;7,218739818223974;Porto Esperidião;5106828;Mato Grosso
2017;2,825401992692874;Porto Esperidião;5106828;Mato Grosso
2018;2,7122439000913197;Porto Esperidião;5106828;Mato Grosso
2019;5,819102484519802;Porto Esperidião;5106828;Mato Grosso
2020;4,929821536173179;Porto Esperidião;5106828;Mato Grosso
2021;4,460783628726823;Porto Esperidião;5106828;Mato Grosso
2022;2,846917958389022;Porto Esperidião;5106828;Mato Grosso
2023;5,913766052304577;Porto Esperidião;5106828;Mato Grosso
2000;5,017375524035921;Rondonópolis;5107602;Mato Grosso
2001;0;Rondonópolis;5107602;Mato Grosso
2002;0;Rondonópolis;5107602;Mato Grosso
2003;0;Rondonópolis;5107602;Mato Grosso
2004;0;Rondonópolis;5107602;Mato Grosso
2005;0;Rondonópolis;5107602;Mato Grosso
2006;0;Rondonópolis;5107602;Mato Grosso
2007;0;Rondonópolis;5107602;Mato Grosso
2008;0;Rondonópolis;5107602;Mato Grosso
2009;0;Rondonópolis;5107602;Mato Grosso
2010;0;Rondonópolis;5107602;Mato Grosso
2011;0;Rondonópolis;5107602;Mato Grosso
2012;0;Rondonópolis;5107602;Mato Grosso
2013;0;Rondonópolis;5107602;Mato Grosso
2014;0;Rondonópolis;5107602;Mato Grosso
2015;0,34405939466443164;Rondonópolis;5107602;Mato Grosso
2016;0,34405939466443164;Rondonópolis;5107602;Mato Grosso
2017;0,3480389922221692;Rondonópolis;5107602;Mato Grosso
2018;0;Rondonópolis;5107602;Mato Grosso
2019;0;Rondonópolis;5107602;Mato Grosso
2020;0;Rondonópolis;5107602;Mato Grosso
2021;0;Rondonópolis;5107602;Mato Grosso
2022;0;Rondonópolis;5107602;Mato Grosso
2023;0;Rondonópolis;5107602;Mato Grosso
2000;1204,0598789203468;Santo Antônio do Leverger;5107800;Mato Grosso
2001;100,5246623154136;Santo Antônio do Leverger;5107800;Mato Grosso
2002;100,5246623154136;Santo Antônio do Leverger;5107800;Mato Grosso
2003;100,5246623154136;Santo Antônio do Leverger;5107800;Mato Grosso
2004;100,5246623154136;Santo Antônio do Leverger;5107800;Mato Grosso
2005;48,085141021242826;Santo Antônio do Leverger;5107800;Mato Grosso
2006;48,085141021242826;Santo Antônio do Leverger;5107800;Mato Grosso
2007;31,416878309827105;Santo Antônio do Leverger;5107800;Mato Grosso
2008;31,416878309827105;Santo Antônio do Leverger;5107800;Mato Grosso
2009;47,41613262855615;Santo Antônio do Leverger;5107800;Mato Grosso
2010;47,41613262855615;Santo Antônio do Leverger;5107800;Mato Grosso
2011;27,29804951307358;Santo Antônio do Leverger;5107800;Mato Grosso
2012;38,68739694285718;Santo Antônio do Leverger;5107800;Mato Grosso
2013;38,68739694285718;Santo Antônio do Leverger;5107800;Mato Grosso
2014;36,33786550974329;Santo Antônio do Leverger;5107800;Mato Grosso
2015;64,86888872653877;Santo Antônio do Leverger;5107800;Mato Grosso
2016;64,86888872653877;Santo Antônio do Leverger;5107800;Mato Grosso
2017;38,25315703103473;Santo Antônio do Leverger;5107800;Mato Grosso
2018;36,60284453684615;Santo Antônio do Leverger;5107800;Mato Grosso
2019;27,01583776535472;Santo Antônio do Leverger;5107800;Mato Grosso
2020;20,84268492514615;Santo Antônio do Leverger;5107800;Mato Grosso
2021;8,980826982981103;Santo Antônio do Leverger;5107800;Mato Grosso
2022;28,181785838017504;Santo Antônio do Leverger;5107800;Mato Grosso
2023;56,272230516271065;Santo Antônio do Leverger;5107800;Mato Grosso
2000;1200,1212409178806;Aquidauana;5001102;Mato Grosso do Sul
2001;149,27698523124704;Aquidauana;5001102;Mato Grosso do Sul
2002;149,27698523124704;Aquidauana;5001102;Mato Grosso do Sul
2003;149,27698523124704;Aquidauana;5001102;Mato Grosso do Sul
2004;149,27698523124704;Aquidauana;5001102;Mato Grosso do Sul
2005;148,64756122214092;Aquidauana;5001102;Mato Grosso do Sul
2006;148,64756122214092;Aquidauana;5001102;Mato Grosso do Sul
2007;90,5557793329924;Aquidauana;5001102;Mato Grosso do Sul
2008;90,5557793329924;Aquidauana;5001102;Mato Grosso do Sul
2009;99,65106071067959;Aquidauana;5001102;Mato Grosso do Sul
2010;99,65106071067959;Aquidauana;5001102;Mato Grosso do Sul
2011;66,27176894636101;Aquidauana;5001102;Mato Grosso do Sul
2012;61,452951736516475;Aquidauana;5001102;Mato Grosso do Sul
2013;61,452951736516475;Aquidauana;5001102;Mato Grosso do Sul
2014;88,63324117985422;Aquidauana;5001102;Mato Grosso do Sul
2015;76,08990216775491;Aquidauana;5001102;Mato Grosso do Sul
2016;76,08990216775491;Aquidauana;5001102;Mato Grosso do Sul
2017;93,80565854096756;Aquidauana;5001102;Mato Grosso do Sul
2018;51,1332185675605;Aquidauana;5001102;Mato Grosso do Sul
2019;60,173653001965185;Aquidauana;5001102;Mato Grosso do Sul
2020;116,82751077395892;Aquidauana;5001102;Mato Grosso do Sul
2021;125,40981912260145;Aquidauana;5001102;Mato Grosso do Sul
2022;143,73791062167248;Aquidauana;5001102;Mato Grosso do Sul
2023;54,14055486309008;Aquidauana;5001102;Mato Grosso do Sul
2000;0,1385783512903962;Bodoquena;5002159;Mato Grosso do Sul
2001;0,1312638393682965;Bodoquena;5002159;Mato Grosso do Sul
2002;0,1312638393682965;Bodoquena;5002159;Mato Grosso do Sul
2003;0,1312638393682965;Bodoquena;5002159;Mato Grosso do Sul
2004;0,1312638393682965;Bodoquena;5002159;Mato Grosso do Sul
2005;1,3899432335611885;Bodoquena;5002159;Mato Grosso do Sul
2006;1,3899432335611885;Bodoquena;5002159;Mato Grosso do Sul
2007;0,777450627011594;Bodoquena;5002159;Mato Grosso do Sul
2008;0,777450627011594;Bodoquena;5002159;Mato Grosso do Sul
2009;0;Bodoquena;5002159;Mato Grosso do Sul
2010;0;Bodoquena;5002159;Mato Grosso do Sul
2011;0;Bodoquena;5002159;Mato Grosso do Sul
2012;0;Bodoquena;5002159;Mato Grosso do Sul
2013;0;Bodoquena;5002159;Mato Grosso do Sul
2014;0;Bodoquena;5002159;Mato Grosso do Sul
2015;0;Bodoquena;5002159;Mato Grosso do Sul
2016;0;Bodoquena;5002159;Mato Grosso do Sul
2017;0;Bodoquena;5002159;Mato Grosso do Sul
2018;0;Bodoquena;5002159;Mato Grosso do Sul
2019;0;Bodoquena;5002159;Mato Grosso do Sul
2020;0;Bodoquena;5002159;Mato Grosso do Sul
2021;0;Bodoquena;5002159;Mato Grosso do Sul
2022;0;Bodoquena;5002159;Mato Grosso do Sul
2023;0;Bodoquena;5002159;Mato Grosso do Sul
2000;2452,6630833321365;Corumbá;5003207;Mato Grosso do Sul
2001;204,13690526414564;Corumbá;5003207;Mato Grosso do Sul
2002;204,13690526414564;Corumbá;5003207;Mato Grosso do Sul
2003;204,13690526414564;Corumbá;5003207;Mato Grosso do Sul
2004;204,13690526414564;Corumbá;5003207;Mato Grosso do Sul
2005;293,3671676471613;Corumbá;5003207;Mato Grosso do Sul
2006;293,3671676471613;Corumbá;5003207;Mato Grosso do Sul
2007;196,81457318774602;Corumbá;5003207;Mato Grosso do Sul
2008;196,81457318774602;Corumbá;5003207;Mato Grosso do Sul
2009;267,3418275783084;Corumbá;5003207;Mato Grosso do Sul
2010;267,3418275783084;Corumbá;5003207;Mato Grosso do Sul
2011;266,6333707324184;Corumbá;5003207;Mato Grosso do Sul
2012;149,2446986466953;Corumbá;5003207;Mato Grosso do Sul
2013;149,2446986466953;Corumbá;5003207;Mato Grosso do Sul
2014;104,73504421645333;Corumbá;5003207;Mato Grosso do Sul
2015;218,02629513911108;Corumbá;5003207;Mato Grosso do Sul
2016;218,02629513911108;Corumbá;5003207;Mato Grosso do Sul
2017;284,66189635235173;Corumbá;5003207;Mato Grosso do Sul
2018;170,68831104522707;Corumbá;5003207;Mato Grosso do Sul
2019;235,76162780821912;Corumbá;5003207;Mato Grosso do Sul
2020;334,5195993614675;Corumbá;5003207;Mato Grosso do Sul
2021;515,2013952407873;Corumbá;5003207;Mato Grosso do Sul
2022;351,46781483387264;Corumbá;5003207;Mato Grosso do Sul
2023;381,9741488291146;Corumbá;5003207;Mato Grosso do Sul
2000;717,6563752130985;Coxim;5003306;Mato Grosso do Sul
2001;35,130771879848126;Coxim;5003306;Mato Grosso do Sul
2002;35,130771879848126;Coxim;5003306;Mato Grosso do Sul
2003;35,130771879848126;Coxim;5003306;Mato Grosso do Sul
2004;35,130771879848126;Coxim;5003306;Mato Grosso do Sul
2005;35,7067330482688;Coxim;5003306;Mato Grosso do Sul
2006;35,7067330482688;Coxim;5003306;Mato Grosso do Sul
2007;4,2822928923493295;Coxim;5003306;Mato Grosso do Sul
2008;4,2822928923493295;Coxim;5003306;Mato Grosso do Sul
2009;22,321845809656125;Coxim;5003306;Mato Grosso do Sul
2010;22,321845809656125;Coxim;5003306;Mato Grosso do Sul
2011;6,980349254473406;Coxim;5003306;Mato Grosso do Sul
2012;11,75042159859123;Coxim;5003306;Mato Grosso do Sul
2013;11,75042159859123;Coxim;5003306;Mato Grosso do Sul
2014;1,056994555999944;Coxim;5003306;Mato Grosso do Sul
2015;5,519692124620562;Coxim;5003306;Mato Grosso do Sul
2016;5,519692124620562;Coxim;5003306;Mato Grosso do Sul
2017;8,371553963291518;Coxim;5003306;Mato Grosso do Sul
2018;13,39052348436408;Coxim;5003306;Mato Grosso do Sul
2019;12,105615985593351;Coxim;5003306;Mato Grosso do Sul
2020;6,456426720387613;Coxim;5003306;Mato Grosso do Sul
2021;7,072608901163709;Coxim;5003306;Mato Grosso do Sul
2022;6,127308222024325;Coxim;5003306;Mato Grosso do Sul
2023;18,826209563710595;Coxim;5003306;Mato Grosso do Sul
2000;99,06663554482151;Ladário;5005202;Mato Grosso do Sul
2001;1,962750503267533;Ladário;5005202;Mato Grosso do Sul
2002;1,962750503267533;Ladário;5005202;Mato Grosso do Sul
2003;1,962750503267533;Ladário;5005202;Mato Grosso do Sul
2004;1,962750503267533;Ladário;5005202;Mato Grosso do Sul
2005;2,6161275013442644;Ladário;5005202;Mato Grosso do Sul
2006;2,6161275013442644;Ladário;5005202;Mato Grosso do Sul
2007;2,4336353433165097;Ladário;5005202;Mato Grosso do Sul
2008;2,4336353433165097;Ladário;5005202;Mato Grosso do Sul
2009;0,448605428469256;Ladário;5005202;Mato Grosso do Sul
2010;0,448605428469256;Ladário;5005202;Mato Grosso do Sul
2011;0,08463434825713723;Ladário;5005202;Mato Grosso do Sul
2012;0,13002319852039287;Ladário;5005202;Mato Grosso do Sul
2013;0,13002319852039287;Ladário;5005202;Mato Grosso do Sul
2014;0,23576711985043874;Ladário;5005202;Mato Grosso do Sul
2015;0,808992815045281;Ladário;5005202;Mato Grosso do Sul
2016;0,808992815045281;Ladário;5005202;Mato Grosso do Sul
2017;0,9316145998626157;Ladário;5005202;Mato Grosso do Sul
2018;0,2569282044922011;Ladário;5005202;Mato Grosso do Sul
2019;0,23109231421932008;Ladário;5005202;Mato Grosso do Sul
2020;0,06483172483091056;Ladário;5005202;Mato Grosso do Sul
2021;0,44123612753329366;Ladário;5005202;Mato Grosso do Sul
2022;0,05543360087363072;Ladário;5005202;Mato Grosso do Sul
2023;2,7092392862079056;Ladário;5005202;Mato Grosso do Sul
2000;131,75368691871236;Miranda;5005608;Mato Grosso do Sul
2001;9,176636679600882;Miranda;5005608;Mato Grosso do Sul
2002;9,176636679600882;Miranda;5005608;Mato Grosso do Sul
2003;9,176636679600882;Miranda;5005608;Mato Grosso do Sul
2004;9,176636679600882;Miranda;5005608;Mato Grosso do Sul
2005;12,978647341758052;Miranda;5005608;Mato Grosso do Sul
2006;12,978647341758052;Miranda;5005608;Mato Grosso do Sul
2007;0,5630458296615239;Miranda;5005608;Mato Grosso do Sul
2008;0,5630458296615239;Miranda;5005608;Mato Grosso do Sul
2009;0,5831472275204341;Miranda;5005608;Mato Grosso do Sul
2010;0,5831472275204341;Miranda;5005608;Mato Grosso do Sul
2011;3,6037800985289286;Miranda;5005608;Mato Grosso do Sul
2012;1,53924851711667;Miranda;5005608;Mato Grosso do Sul
2013;1,53924851711667;Miranda;5005608;Mato Grosso do Sul
2014;1,3717318476908882;Miranda;5005608;Mato Grosso do Sul
2015;4,125679021795564;Miranda;5005608;Mato Grosso do Sul
2016;4,125679021795564;Miranda;5005608;Mato Grosso do Sul
2017;3,27173199843883;Miranda;5005608;Mato Grosso do Sul
2018;0,5424074850957087;Miranda;5005608;Mato Grosso do Sul
2019;1,230249358694195;Miranda;5005608;Mato Grosso do Sul
2020;0,6512697935652006;Miranda;5005608;Mato Grosso do Sul
2021;0,07060882962601325;Miranda;5005608;Mato Grosso do Sul
2022;3,9777171951639403;Miranda;5005608;Mato Grosso do Sul
2023;1,1291454796187097;Miranda;5005608;Mato Grosso do Sul
2000;2608,197273384044;Porto Murtinho;5006903;Mato Grosso do Sul
2001;108,13424718255143;Porto Murtinho;5006903;Mato Grosso do Sul
2002;108,13424718255143;Porto Murtinho;5006903;Mato Grosso do Sul
2003;108,13424718255143;Porto Murtinho;5006903;Mato Grosso do Sul
2004;108,13424718255143;Porto Murtinho;5006903;Mato Grosso do Sul
2005;62,38334360800924;Porto Murtinho;5006903;Mato Grosso do Sul
2006;62,38334360800924;Porto Murtinho;5006903;Mato Grosso do Sul
2007;27,314261343721718;Porto Murtinho;5006903;Mato Grosso do Sul
2008;27,314261343721718;Porto Murtinho;5006903;Mato Grosso do Sul
2009;65,7573622689726;Porto Murtinho;5006903;Mato Grosso do Sul
2010;65,7573622689726;Porto Murtinho;5006903;Mato Grosso do Sul
2011;11,916807701513592;Porto Murtinho;5006903;Mato Grosso do Sul
2012;22,332998164712105;Porto Murtinho;5006903;Mato Grosso do Sul
2013;22,332998164712105;Porto Murtinho;5006903;Mato Grosso do Sul
2014;7,706110692758233;Porto Murtinho;5006903;Mato Grosso do Sul
2015;41,97900786918177;Porto Murtinho;5006903;Mato Grosso do Sul
2016;41,97900786918177;Porto Murtinho;5006903;Mato Grosso do Sul
2017;36,55928731164573;Porto Murtinho;5006903;Mato Grosso do Sul
2018;19,470350324530152;Porto Murtinho;5006903;Mato Grosso do Sul
2019;41,72143552110377;Porto Murtinho;5006903;Mato Grosso do Sul
2020;26,511990800438443;Porto Murtinho;5006903;Mato Grosso do Sul
2021;39,214018962763745;Porto Murtinho;5006903;Mato Grosso do Sul
2022;77,173935576497;Porto Murtinho;5006903;Mato Grosso do Sul
2023;51,96155903023254;Porto Murtinho;5006903;Mato Grosso do Sul
2000;1627,0432529174623;Rio Verde de Mato Grosso;5007406;Mato Grosso do Sul
2001;111,29414668316907;Rio Verde de Mato Grosso;5007406;Mato Grosso do Sul
2002;111,29414668316907;Rio Verde de Mato Grosso;5007406;Mato Grosso do Sul
2003;111,29414668316907;Rio Verde de Mato Grosso;5007406;Mato Grosso do Sul
2004;111,29414668316907;Rio Verde de Mato Grosso;5007406;Mato Grosso do Sul
2005;62,82722849644648;Rio Verde de Mato Grosso;5007406;Mato Grosso do Sul
2006;62,82722849644648;Rio Verde de Mato Grosso;5007406;Mato Grosso do Sul
2007;40,8739480019955;Rio Verde de Mato Grosso;5007406;Mato Grosso do Sul
2008;40,8739480019955;Rio Verde de Mato Grosso;5007406;Mato Grosso do Sul
2009;46,28518223415607;Rio Verde de Mato Grosso;5007406;Mato Grosso do Sul
2010;46,28518223415607;Rio Verde de Mato Grosso;5007406;Mato Grosso do Sul
2011;19,134932557288337;Rio Verde de Mato Grosso;5007406;Mato Grosso do Sul
2012;49,46662682007024;Rio Verde de Mato Grosso;5007406;Mato Grosso do Sul
2013;49,46662682007024;Rio Verde de Mato Grosso;5007406;Mato Grosso do Sul
2014;32,96367464237392;Rio Verde de Mato Grosso;5007406;Mato Grosso do Sul
2015;35,25351334837905;Rio Verde de Mato Grosso;5007406;Mato Grosso do Sul
2016;35,25351334837905;Rio Verde de Mato Grosso;5007406;Mato Grosso do Sul
2017;54,27534325330754;Rio Verde de Mato Grosso;5007406;Mato Grosso do Sul
2018;48,32475161343657;Rio Verde de Mato Grosso;5007406;Mato Grosso do Sul
2019;41,78985977256461;Rio Verde de Mato Grosso;5007406;Mato Grosso do Sul
2020;73,14200319211773;Rio Verde de Mato Grosso;5007406;Mato Grosso do Sul
2021;45,32430358513383;Rio Verde de Mato Grosso;5007406;Mato Grosso do Sul
2022;31,61994965037419;Rio Verde de Mato Grosso;5007406;Mato Grosso do Sul
2023;42,22210530204005;Rio Verde de Mato Grosso;5007406;Mato Grosso do Sul
2000;245,09230771633005;Sonora;5007935;Mato Grosso do Sul
2001;42,1027528395573;Sonora;5007935;Mato Grosso do Sul
2002;42,1027528395573;Sonora;5007935;Mato Grosso do Sul
2003;42,1027528395573;Sonora;5007935;Mato Grosso do Sul
2004;42,1027528395573;Sonora;5007935;Mato Grosso do Sul
2005;14,597414422471848;Sonora;5007935;Mato Grosso do Sul
2006;14,597414422471848;Sonora;5007935;Mato Grosso do Sul
2007;7,90490931279645;Sonora;5007935;Mato Grosso do Sul
2008;7,90490931279645;Sonora;5007935;Mato Grosso do Sul
2009;2,9962814850015826;Sonora;5007935;Mato Grosso do Sul
2010;2,9962814850015826;Sonora;5007935;Mato Grosso do Sul
2011;0;Sonora;5007935;Mato Grosso do Sul
2012;3,9298834495259234;Sonora;5007935;Mato Grosso do Sul
2013;3,9298834495259234;Sonora;5007935;Mato Grosso do Sul
2014;1,4226368335435167;Sonora;5007935;Mato Grosso do Sul
2015;17,549361549125077;Sonora;5007935;Mato Grosso do Sul
2016;17,549361549125077;Sonora;5007935;Mato Grosso do Sul
2017;0,5486390575982794;Sonora;5007935;Mato Grosso do Sul
2018;0,5863783862607728;Sonora;5007935;Mato Grosso do Sul
2019;2,3036179310945224;Sonora;5007935;Mato Grosso do Sul
2020;6,530607190010515;Sonora;5007935;Mato Grosso do Sul
2021;14,911490173672485;Sonora;5007935;Mato Grosso do Sul
2022;9,012102000978272;Sonora;5007935;Mato Grosso do Sul
2023;1,202226547864596;Sonora;5007935;Mato Grosso do Sul